<?xml version="1.0" encoding="UTF-8"?>
<idempiere Name="Faaguilar.AllocationBP" Version="1.0" idempiereVersion="" DataBaseVersion="" Description="" Author="" AuthorEmail="faaguilar@gmail.com" CreatedDate="2013-11-18 13:40:49.449" UpdatedDate="2013-11-18 13:43:40.111" PackOutVersion="100" UpdateDictionary="false" Client="0-SYSTEM-System" AD_Client_UU="11237b53-9592-4af1-b3c5-afd216514b5d">
    <AD_Menu type="table">
        <SeqNo>999</SeqNo>
        <AD_Client_ID>0</AD_Client_ID>
        <AD_Org_ID>0</AD_Org_ID>
        <AD_Window_ID reference="id"/>
        <AD_Task_ID reference="id"/>
        <IsSummary>false</IsSummary>
        <IsSOTrx>false</IsSOTrx>
        <IsReadOnly>false</IsReadOnly>
        <AD_Process_ID reference="id"/>
        <AD_Form_ID reference="uuid" reference-key="AD_Form">666cba23-ecf5-48e1-9bf8-7bccb272d323</AD_Form_ID>
        <EntityType>FTU</EntityType>
        <IsCentrallyMaintained>true</IsCentrallyMaintained>
        <Name>Payment Allocation BP</Name>
        <Description/>
        <AD_Menu_UU>d5422054-3633-4152-a7c6-c24a33abc918</AD_Menu_UU>
        <AD_Workflow_ID reference="id"/>
        <Action>X</Action>
        <IsActive>true</IsActive>
        <AD_InfoWindow_ID reference="id"/>
        <AD_Menu_Trl type="translation">
            <Name>Asignacion de Pago entre Terceros</Name>
            <Description/>
            <AD_Language>es_CO</AD_Language>
            <IsActive>true</IsActive>
            <IsTranslated>false</IsTranslated>
        </AD_Menu_Trl>
        <AD_Form type="table">
            <AD_Client_ID>0</AD_Client_ID>
            <AD_Org_ID>0</AD_Org_ID>
            <AccessLevel>1</AccessLevel>
            <Classname>net.frontuari.bpallocation.webui.apps.form.WFTUBPAllocation</Classname>
            <Help/>
            <JSPURL/>
            <IsBetaFunctionality>false</IsBetaFunctionality>
            <EntityType>FTU</EntityType>
            <AD_Form_UU>666cba23-ecf5-48e1-9bf8-7bccb272d323</AD_Form_UU>
            <Description>Allocate invoices and payments</Description>
            <Name>Payment Allocation BP</Name>
            <IsActive>true</IsActive>
            <AD_CtxHelp_ID reference="id"/>
            <AD_Form_Trl type="translation">
                <Help/>
                <Description>Asigna Facturas y Pagos entre Terceros</Description>
                <Name>Asignacion de Pago entre Terceros</Name>
                <AD_Language>es_CO</AD_Language>
                <IsActive>true</IsActive>
                <IsTranslated>false</IsTranslated>
            </AD_Form_Trl>
        </AD_Form>
    </AD_Menu>
</idempiere>
